{"cameraMode":{"drawMode":0,"name":"Shaded","section":"Shading Mode"},"sceneLighting":true,"audioPlay":false,"sceneViewState":{"m_AlwaysRefresh":false,"showFog":true,"showSkybox":true,"showFlares":true,"showImageEffects":true,"showParticleSystems":true,"showVisualEffectGraphs":true,"m_FxEnabled":true},"in2DMode":false,"pivot":{"x":13.517189025878907,"y":5.144676208496094,"z":-3.123732089996338},"rotation":{"x":0.025494515895843507,"y":-0.014994503930211068,"z":0.0003823018923867494,"w":0.9995645880699158},"size":13.740827560424805,"orthographic":true}